{
	"$schema": "https://schemas.wp.org/wp/6.2/theme.json",
	"settings": {
		"appearanceTools": true,
		"color": {
			"custom": true,
			"customGradient": true,
			"palette": [
				{
					"color": "#000000",
					"name": "Primary",
					"slug": "primary"
				},
				{
					"color": "#006ba1",
					"name": "Secondary",
					"slug": "secondary"
				},
				{
					"color": "#333333",
					"name": "Foreground",
					"slug": "foreground"
				},
				{
					"color": "#ffffff",
					"name": "Background",
					"slug": "background"
				},
				{
					"color": "#F0F0F0",
					"name": "Tertiary",
					"slug": "tertiary"
				}
			]
		},
		"layout": {
			"contentSize": "700px",
			"wideSize": "1160px"
		},
		"spacing": {
			"units": [
				"%",
				"px",
				"em",
				"rem",
				"vh",
				"vw"
			]
		},
		"typography": {
			"dropCap": false,
			"fluid": true,
			"fontFamilies": [
				{
					"fontFamily": "-apple-system,BlinkMacSystemFont,\"Segoe UI\",Roboto,Oxygen-Sans,Ubuntu,Cantarell,\"Helvetica Neue\",sans-serif",
					"name": "System Font",
					"slug": "system-font"
				}
			],
			"fontSizes": [
				{
					"fluid": false,
					"size": "1rem",
					"slug": "small"
				},
				{
					"name": "Medium",
					"size": "clamp(18px, 1.45vw, 20px)",
					"slug": "medium"
				},
				{
					"name": "Large",
					"size": "clamp(32px, 1.666vw, 36px)",
					"slug": "large"
				},
				{
					"name": "X-large",
					"size": "clamp(36px, 2.222vw, 44px)",
					"slug": "x-large"
				},
				{
					"fluid": {
						"max": "4rem",
						"min": "3rem"
					},
					"name": "XX-large",
					"size": "4rem",
					"slug": "xx-large"
				}
			]
		},
		"useRootPaddingAwareAlignments": true
	},
	"styles": {
		"blocks": {
			"core/comments-pagination": {
				"spacing": {
					"margin": {
						"top": "var(--wp--preset--spacing--40)"
					}
				}
			},
			"core/comments-title": {
				"spacing": {
					"margin": {
						"bottom": "var(--wp--preset--spacing--40)"
					}
				},
				"typography": {
					"fontSize": "var(--wp--preset--font-size--large)"
				}
			},
			"core/navigation": {
				"typography": {
					"fontSize": "var(--wp--preset--font-size--small)"
				}
			},
			"core/post-author": {
				"typography": {
					"fontSize": "var(--wp--preset--font-size--small)"
				}
			},
			"core/post-content": {
				"elements": {
					"link": {
						"color": {
							"text": "var(--wp--preset--color--secondary)"
						}
					}
				}
			},
			"core/post-excerpt": {
				"typography": {
					"fontSize": "var(--wp--preset--font-size--medium)"
				}
			},
			"core/post-terms": {
				"typography": {
					"fontSize": "var(--wp--preset--font-size--small)"
				}
			},
			"core/post-title": {
				"spacing": {
					"margin": {
						"bottom": "var(--wp--preset--spacing--30)",
						"top": "var(--wp--preset--spacing--30)"
					}
				},
				"typography": {
					"fontWeight": "400"
				}
			},
			"core/query-pagination": {
				"elements": {
					"link": {
						":hover": {
							"typography": {
								"textDecoration": "underline"
							}
						},
						"typography": {
							"textDecoration": "none"
						}
					}
				},
				"typography": {
					"fontSize": "var(--wp--preset--font-size--small)",
					"fontWeight": "400"
				}
			},
			"core/site-title": {
				"elements": {
					"link": {
						":active": {
							"typography": {
								"textDecoration": "none"
							}
						},
						":focus": {
							"typography": {
								"textDecoration": "underline dashed"
							}
						},
						":hover": {
							"typography": {
								"textDecoration": "underline"
							}
						},
						"typography": {
							"textDecoration": "none"
						}
					}
				},
				"typography": {
					"fontSize": "var(--wp--preset--font-size--medium)",
					"fontWeight": "normal",
					"lineHeight": "1.4"
				}
			}
		},
		"color": {
			"background": "var(--wp--preset--color--background)",
			"text": "var(--wp--preset--color--foreground)"
		},
		"elements": {
			"button": {
				":hover": {
					"color": {
						"background": "var(--wp--preset--color--secondary)",
						"text": "var(--wp--preset--color--white)"
					}
				},
				"border": {
					"radius": "0"
				},
				"color": {
					"background": "var(--wp--preset--color--primary)",
					"text": "var(--wp--preset--color--white)"
				}
			},
			"h1": {
				"typography": {
					"fontSize": "clamp(55px, 4.444vw, 80px)",
					"lineHeight": "1.2"
				}
			},
			"h2": {
				"typography": {
					"fontSize": "clamp(44px, 3.666vw, 64px)",
					"lineHeight": "1.2"
				}
			},
			"h3": {
				"typography": {
					"fontSize": "var(--wp--preset--font-size--x-large)"
				}
			},
			"h4": {
				"typography": {
					"fontSize": "var(--wp--preset--font-size--large)"
				}
			},
			"h5": {
				"typography": {
					"fontSize": "var(--wp--preset--font-size--medium)",
					"fontWeight": "700",
					"textTransform": "uppercase"
				}
			},
			"h6": {
				"typography": {
					"fontSize": "var(--wp--preset--font-size--medium)",
					"textTransform": "uppercase"
				}
			},
			"heading": {
				"typography": {
					"fontWeight": "400",
					"lineHeight": "1.4"
				}
			},
			"link": {
				":hover": {
					"typography": {
						"textDecoration": "none"
					}
				},
				"color": {
					"text": "var(--wp--preset--color--primary)"
				},
				"typography": {
					"textDecoration": "underline"
				}
			}
		},
		"spacing": {
			"blockGap": "1.5rem",
			"padding": {
				"left": "var(--wp--preset--spacing--40)",
				"right": "var(--wp--preset--spacing--40)"
			}
		},
		"typography": {
			"fontFamily": "var(--wp--preset--font-family--system-font)",
			"fontSize": "var(--wp--preset--font-size--medium)",
			"lineHeight": "1.6"
		}
	},
	"templateParts": [
		{
			"area": "header",
			"name": "header",
			"title": "Header"
		},
		{
			"area": "footer",
			"name": "footer",
			"title": "Footer"
		},
		{
			"area": "uncategorized",
			"name": "post-meta",
			"title": "Post Meta"
		}
	],
	"version": 2
}